play_id,floor,start_time,end_time,kill_count
1442,1,1744371827.2108526,1744371837.1838226,3
1442,2,1744371839.1834862,1744371843.0106852,0
